-- phpMyAdmin SQL Dump
-- version 5.1.1
-- https://www.phpmyadmin.net/
--
-- Host: 127.0.0.1
-- Generation Time: May 25, 2022 at 06:08 PM
-- Server version: 10.4.22-MariaDB
-- PHP Version: 7.3.33

SET SQL_MODE = "NO_AUTO_VALUE_ON_ZERO";
START TRANSACTION;
SET time_zone = "+00:00";

CREATE DATABASE IF NOT EXISTS tse_g31_database;
USE tse_g31_database;

/*!40101 SET @OLD_CHARACTER_SET_CLIENT=@@CHARACTER_SET_CLIENT */;
/*!40101 SET @OLD_CHARACTER_SET_RESULTS=@@CHARACTER_SET_RESULTS */;
/*!40101 SET @OLD_COLLATION_CONNECTION=@@COLLATION_CONNECTION */;
/*!40101 SET NAMES utf8mb4 */;

--
-- Database: `tse_g31_database`
--

-- --------------------------------------------------------

--
-- Table structure for table `countyagebreakdown`
--

CREATE TABLE IF NOT EXISTS `countyagebreakdown` (
  `County_ID` int(11) NOT NULL,
  `Age0` int(11) DEFAULT NULL,
  `Age1` int(11) DEFAULT NULL,
  `Age2` int(11) DEFAULT NULL,
  `Age3` int(11) DEFAULT NULL,
  `Age4` int(11) DEFAULT NULL,
  `Age5` int(11) DEFAULT NULL,
  `Age6` int(11) DEFAULT NULL,
  `Age7` int(11) DEFAULT NULL,
  `Age8` int(11) DEFAULT NULL,
  `Age9` int(11) DEFAULT NULL,
  `Age10` int(11) DEFAULT NULL,
  `Age11` int(11) DEFAULT NULL,
  `Age12` int(11) DEFAULT NULL,
  `Age13` int(11) DEFAULT NULL,
  `Age14` int(11) DEFAULT NULL,
  `Age15` int(11) DEFAULT NULL,
  `Age16` int(11) DEFAULT NULL,
  `Age17` int(11) DEFAULT NULL,
  `Age18` int(11) DEFAULT NULL,
  `Age19` int(11) DEFAULT NULL,
  `Age20` int(11) DEFAULT NULL,
  `Age21` int(11) DEFAULT NULL,
  `Age22` int(11) DEFAULT NULL,
  `Age23` int(11) DEFAULT NULL,
  `Age24` int(11) DEFAULT NULL,
  `Age25` int(11) DEFAULT NULL,
  `Age26` int(11) DEFAULT NULL,
  `Age27` int(11) DEFAULT NULL,
  `Age28` int(11) DEFAULT NULL,
  `Age29` int(11) DEFAULT NULL,
  `Age30` int(11) DEFAULT NULL,
  `Age31` int(11) DEFAULT NULL,
  `Age32` int(11) DEFAULT NULL,
  `Age33` int(11) DEFAULT NULL,
  `Age34` int(11) DEFAULT NULL,
  `Age35` int(11) DEFAULT NULL,
  `Age36` int(11) DEFAULT NULL,
  `Age37` int(11) DEFAULT NULL,
  `Age38` int(11) DEFAULT NULL,
  `Age39` int(11) DEFAULT NULL,
  `Age40` int(11) DEFAULT NULL,
  `Age41` int(11) DEFAULT NULL,
  `Age42` int(11) DEFAULT NULL,
  `Age43` int(11) DEFAULT NULL,
  `Age44` int(11) DEFAULT NULL,
  `Age45` int(11) DEFAULT NULL,
  `Age46` int(11) DEFAULT NULL,
  `Age47` int(11) DEFAULT NULL,
  `Age48` int(11) DEFAULT NULL,
  `Age49` int(11) DEFAULT NULL,
  `Age50` int(11) DEFAULT NULL,
  `Age51` int(11) DEFAULT NULL,
  `Age52` int(11) DEFAULT NULL,
  `Age53` int(11) DEFAULT NULL,
  `Age54` int(11) DEFAULT NULL,
  `Age55` int(11) DEFAULT NULL,
  `Age56` int(11) DEFAULT NULL,
  `Age57` int(11) DEFAULT NULL,
  `Age58` int(11) DEFAULT NULL,
  `Age59` int(11) DEFAULT NULL,
  `Age60` int(11) DEFAULT NULL,
  `Age61` int(11) DEFAULT NULL,
  `Age62` int(11) DEFAULT NULL,
  `Age63` int(11) DEFAULT NULL,
  `Age64` int(11) DEFAULT NULL,
  `Age65` int(11) DEFAULT NULL,
  `Age66` int(11) DEFAULT NULL,
  `Age67` int(11) DEFAULT NULL,
  `Age68` int(11) DEFAULT NULL,
  `Age69` int(11) DEFAULT NULL,
  `Age70` int(11) DEFAULT NULL,
  `Age71` int(11) DEFAULT NULL,
  `Age72` int(11) DEFAULT NULL,
  `Age73` int(11) DEFAULT NULL,
  `Age74` int(11) DEFAULT NULL,
  `Age75` int(11) DEFAULT NULL,
  `Age76` int(11) DEFAULT NULL,
  `Age77` int(11) DEFAULT NULL,
  `Age78` int(11) DEFAULT NULL,
  `Age79` int(11) DEFAULT NULL,
  `Age80` int(11) DEFAULT NULL,
  `Age81` int(11) DEFAULT NULL,
  `Age82` int(11) DEFAULT NULL,
  `Age83` int(11) DEFAULT NULL,
  `Age84` int(11) DEFAULT NULL,
  `Age85` int(11) DEFAULT NULL,
  `Age86` int(11) DEFAULT NULL,
  `Age87` int(11) DEFAULT NULL,
  `Age88` int(11) DEFAULT NULL,
  `Age89` int(11) DEFAULT NULL,
  `90andOver` int(11) DEFAULT NULL
) ENGINE=InnoDB DEFAULT CHARSET=utf8mb4;

--
-- Dumping data for table `countyagebreakdown`
--

INSERT INTO `countyagebreakdown` (`County_ID`, `Age0`, `Age1`, `Age2`, `Age3`, `Age4`, `Age5`, `Age6`, `Age7`, `Age8`, `Age9`, `Age10`, `Age11`, `Age12`, `Age13`, `Age14`, `Age15`, `Age16`, `Age17`, `Age18`, `Age19`, `Age20`, `Age21`, `Age22`, `Age23`, `Age24`, `Age25`, `Age26`, `Age27`, `Age28`, `Age29`, `Age30`, `Age31`, `Age32`, `Age33`, `Age34`, `Age35`, `Age36`, `Age37`, `Age38`, `Age39`, `Age40`, `Age41`, `Age42`, `Age43`, `Age44`, `Age45`, `Age46`, `Age47`, `Age48`, `Age49`, `Age50`, `Age51`, `Age52`, `Age53`, `Age54`, `Age55`, `Age56`, `Age57`, `Age58`, `Age59`, `Age60`, `Age61`, `Age62`, `Age63`, `Age64`, `Age65`, `Age66`, `Age67`, `Age68`, `Age69`, `Age70`, `Age71`, `Age72`, `Age73`, `Age74`, `Age75`, `Age76`, `Age77`, `Age78`, `Age79`, `Age80`, `Age81`, `Age82`, `Age83`, `Age84`, `Age85`, `Age86`, `Age87`, `Age88`, `Age89`, `90andOver`) VALUES
(1, 3404, 3594, 3581, 3779, 3803, 3861, 3788, 3908, 3883, 3891, 3675, 3669, 3672, 3490, 3517, 3284, 3193, 3205, 2921, 2405, 2177, 2443, 2740, 3023, 3291, 3288, 3256, 3348, 3510, 3843, 3905, 4145, 4380, 4276, 4320, 4301, 3970, 4089, 4185, 4134, 4252, 4127, 3653, 3883, 3750, 3826, 3780, 4047, 4192, 4195, 4009, 4242, 4211, 4226, 4429, 4349, 4171, 4135, 4062, 3891, 3624, 3527, 3427, 3287, 3022, 2992, 2960, 2879, 2706, 2796, 2823, 2890, 3027, 3408, 2441, 2354, 2436, 2184, 1764, 1509, 1517, 1485, 1411, 1296, 1282, 1133, 940, 765, 708, 669, 2257),
(2, 3404, 3594, 3581, 3779, 3803, 3861, 3788, 3908, 3883, 3891, 3675, 3669, 3672, 3490, 3517, 3284, 3193, 3205, 2921, 2405, 2177, 2443, 2740, 3023, 3291, 3288, 3256, 3348, 3510, 3843, 3905, 4145, 4380, 4276, 4320, 4301, 3970, 4089, 4185, 4134, 4252, 4127, 3653, 3883, 3750, 3826, 3780, 4047, 4192, 4195, 4009, 4242, 4211, 4226, 4429, 4349, 4171, 4135, 4062, 3891, 3624, 3527, 3427, 3287, 3022, 2992, 2960, 2879, 2706, 2796, 2823, 2890, 3027, 3408, 2441, 2354, 2436, 2184, 1764, 1509, 1517, 1485, 1411, 1296, 1282, 1133, 940, 765, 708, 669, 2257),
(3, 3404, 3594, 3581, 3779, 3803, 3861, 3788, 3908, 3883, 3891, 3675, 3669, 3672, 3490, 3517, 3284, 3193, 3205, 2921, 2405, 2177, 2443, 2740, 3023, 3291, 3288, 3256, 3348, 3510, 3843, 3905, 4145, 4380, 4276, 4320, 4301, 3970, 4089, 4185, 4134, 4252, 4127, 3653, 3883, 3750, 3826, 3780, 4047, 4192, 4195, 4009, 4242, 4211, 4226, 4429, 4349, 4171, 4135, 4062, 3891, 3624, 3527, 3427, 3287, 3022, 2992, 2960, 2879, 2706, 2796, 2823, 2890, 3027, 3408, 2441, 2354, 2436, 2184, 1764, 1509, 1517, 1485, 1411, 1296, 1282, 1133, 940, 765, 708, 669, 2257),
(4, 3404, 3594, 3581, 3779, 3803, 3861, 3788, 3908, 3883, 3891, 3675, 3669, 3672, 3490, 3517, 3284, 3193, 3205, 2921, 2405, 2177, 2443, 2740, 3023, 3291, 3288, 3256, 3348, 3510, 3843, 3905, 4145, 4380, 4276, 4320, 4301, 3970, 4089, 4185, 4134, 4252, 4127, 3653, 3883, 3750, 3826, 3780, 4047, 4192, 4195, 4009, 4242, 4211, 4226, 4429, 4349, 4171, 4135, 4062, 3891, 3624, 3527, 3427, 3287, 3022, 2992, 2960, 2879, 2706, 2796, 2823, 2890, 3027, 3408, 2441, 2354, 2436, 2184, 1764, 1509, 1517, 1485, 1411, 1296, 1282, 1133, 940, 765, 708, 669, 2257),
(5, 3404, 3594, 3581, 3779, 3803, 3861, 3788, 3908, 3883, 3891, 3675, 3669, 3672, 3490, 3517, 3284, 3193, 3205, 2921, 2405, 2177, 2443, 2740, 3023, 3291, 3288, 3256, 3348, 3510, 3843, 3905, 4145, 4380, 4276, 4320, 4301, 3970, 4089, 4185, 4134, 4252, 4127, 3653, 3883, 3750, 3826, 3780, 4047, 4192, 4195, 4009, 4242, 4211, 4226, 4429, 4349, 4171, 4135, 4062, 3891, 3624, 3527, 3427, 3287, 3022, 2992, 2960, 2879, 2706, 2796, 2823, 2890, 3027, 3408, 2441, 2354, 2436, 2184, 1764, 1509, 1517, 1485, 1411, 1296, 1282, 1133, 940, 765, 708, 669, 2257),
(6, 3404, 3594, 3581, 3779, 3803, 3861, 3788, 3908, 3883, 3891, 3675, 3669, 3672, 3490, 3517, 3284, 3193, 3205, 2921, 2405, 2177, 2443, 2740, 3023, 3291, 3288, 3256, 3348, 3510, 3843, 3905, 4145, 4380, 4276, 4320, 4301, 3970, 4089, 4185, 4134, 4252, 4127, 3653, 3883, 3750, 3826, 3780, 4047, 4192, 4195, 4009, 4242, 4211, 4226, 4429, 4349, 4171, 4135, 4062, 3891, 3624, 3527, 3427, 3287, 3022, 2992, 2960, 2879, 2706, 2796, 2823, 2890, 3027, 3408, 2441, 2354, 2436, 2184, 1764, 1509, 1517, 1485, 1411, 1296, 1282, 1133, 940, 765, 708, 669, 2257),
(7, 3404, 3594, 3581, 3779, 3803, 3861, 3788, 3908, 3883, 3891, 3675, 3669, 3672, 3490, 3517, 3284, 3193, 3205, 2921, 2405, 2177, 2443, 2740, 3023, 3291, 3288, 3256, 3348, 3510, 3843, 3905, 4145, 4380, 4276, 4320, 4301, 3970, 4089, 4185, 4134, 4252, 4127, 3653, 3883, 3750, 3826, 3780, 4047, 4192, 4195, 4009, 4242, 4211, 4226, 4429, 4349, 4171, 4135, 4062, 3891, 3624, 3527, 3427, 3287, 3022, 2992, 2960, 2879, 2706, 2796, 2823, 2890, 3027, 3408, 2441, 2354, 2436, 2184, 1764, 1509, 1517, 1485, 1411, 1296, 1282, 1133, 940, 765, 708, 669, 2257),
(8, 1553, 1557, 1748, 1810, 1891, 1885, 1927, 2016, 2085, 2142, 2163, 2049, 2217, 2146, 2125, 2028, 2092, 2114, 1828, 1350, 1232, 1290, 1334, 1615, 1597, 1621, 1428, 1601, 1590, 1593, 1592, 1651, 1760, 1718, 1706, 1805, 1873, 1814, 1961, 2001, 2031, 2019, 2004, 2102, 2094, 2177, 2276, 2232, 2391, 2565, 2327, 2581, 2483, 2466, 2500, 2457, 2398, 2408, 2287, 2182, 2052, 2075, 2001, 1886, 1857, 1725, 1703, 1640, 1680, 1719, 1621, 1688, 1824, 1955, 1490, 1474, 1354, 1272, 1092, 950, 934, 876, 844, 747, 674, 599, 505, 466, 443, 392, 1439),
(9, 5393, 5512, 5458, 5652, 5631, 5577, 5582, 5582, 5854, 5448, 5401, 5065, 5223, 5056, 4731, 4549, 4420, 4273, 4693, 8233, 10465, 10892, 10703, 10105, 9876, 10105, 10325, 9999, 9824, 10677, 10115, 9213, 8834, 8073, 7460, 7162, 6940, 6735, 6436, 6264, 6190, 5535, 5302, 5165, 5035, 4954, 4857, 4837, 4930, 5031, 4815, 4829, 4747, 4996, 4885, 4886, 4691, 4640, 4541, 4196, 3926, 3981, 3915, 3705, 3467, 3387, 3434, 3301, 3142, 3080, 3136, 3140, 3291, 3435, 2562, 2467, 2387, 2347, 2016, 1770, 1869, 1811, 1658, 1597, 1419, 1366, 1163, 1089, 1072, 834, 3501),
(10, 5695, 5997, 6503, 6552, 6968, 7111, 7116, 7321, 7651, 7814, 7743, 7792, 7663, 7464, 7067, 6925, 6820, 6602, 6229, 4410, 4085, 4332, 4768, 5380, 5812, 5880, 5450, 5624, 5587, 5805, 5978, 6285, 6296, 5999, 6535, 6739, 6665, 6912, 7281, 7568, 7519, 7679, 7313, 7368, 7309, 7364, 7608, 7803, 7873, 8265, 7952, 7937, 8145, 8293, 8029, 8050, 8101, 7652, 7360, 7179, 6810, 6600, 6429, 6145, 5739, 5626, 5376, 5417, 5100, 5006, 5221, 5424, 5598, 6085, 4592, 4560, 4562, 4186, 3695, 3172, 3344, 3232, 3061, 2855, 2687, 2408, 2014, 1909, 1718, 1445, 5821),
(11, 6605, 6798, 7281, 7380, 8043, 7799, 7946, 8224, 8462, 8134, 8051, 8133, 7904, 7659, 7541, 7282, 7234, 7099, 7252, 8214, 8111, 8680, 8903, 9042, 8816, 8248, 8275, 7813, 7883, 7766, 7768, 8027, 8104, 7921, 7814, 8045, 7788, 8024, 8267, 8577, 8504, 8572, 8010, 8064, 8101, 8176, 8506, 8833, 9103, 9496, 9127, 9157, 9225, 9406, 9326, 9305, 9226, 8939, 8597, 8223, 7833, 7531, 7580, 7191, 6938, 6830, 6838, 6610, 6664, 6518, 6607, 6912, 7142, 7853, 6028, 5808, 5461, 5057, 4418, 3740, 3866, 3698, 3527, 3258, 2853, 2702, 2366, 2076, 1952, 1691, 6847),
(12, 3660, 3747, 4187, 4203, 4396, 4273, 4268, 4512, 4689, 4589, 4376, 4577, 4659, 4554, 4506, 4343, 4327, 4202, 3898, 2805, 2753, 2992, 3294, 3678, 3756, 3807, 3765, 3990, 4106, 3872, 4002, 4017, 4169, 3870, 4308, 4313, 4325, 4377, 4432, 4508, 4753, 4588, 4210, 4379, 4600, 4809, 5083, 5356, 5736, 5908, 5702, 6053, 6125, 6018, 6069, 6129, 6085, 6072, 5976, 5737, 5311, 5185, 5089, 4746, 4695, 4554, 4446, 4493, 4391, 4665, 4686, 4813, 5185, 5613, 4045, 4046, 4083, 3599, 3124, 2808, 2819, 2664, 2576, 2288, 2138, 1916, 1635, 1412, 1292, 1209, 4648),
(13, 4794, 5059, 5488, 5598, 5973, 6079, 6241, 6555, 6790, 6689, 6368, 6425, 6345, 6458, 6285, 6016, 5988, 5803, 5974, 5989, 5893, 6044, 6026, 5897, 5805, 5481, 5475, 5482, 5673, 5590, 5545, 5491, 5899, 5567, 5615, 5879, 5904, 5816, 5959, 6514, 6399, 6106, 5899, 5912, 6122, 6326, 6722, 7335, 7628, 8081, 7861, 8132, 8129, 8685, 8787, 8576, 8936, 8712, 8536, 8417, 8271, 8254, 8215, 8081, 7865, 7486, 7690, 7643, 7481, 7651, 7833, 8248, 8489, 9390, 7214, 6820, 6582, 5968, 5012, 4271, 4284, 4067, 3750, 3584, 3136, 3004, 2440, 2291, 1994, 1794, 6718),
(14, 4145, 4461, 4473, 4890, 5049, 5011, 5198, 5223, 5426, 5438, 5377, 5461, 5522, 5409, 5512, 5291, 5340, 5147, 4960, 4219, 4136, 4506, 4690, 5069, 5149, 4941, 5338, 5219, 5696, 5456, 5069, 5211, 5272, 5004, 5136, 5306, 5165, 5447, 5390, 5517, 5524, 5193, 4963, 4908, 5265, 5435, 5940, 6197, 6702, 7449, 7270, 7668, 7563, 7975, 7935, 8034, 8162, 8024, 8004, 7611, 7509, 7590, 7345, 7059, 6765, 6482, 6564, 6592, 6310, 6562, 6601, 6894, 7153, 7578, 5639, 5265, 5441, 4911, 4379, 3947, 3875, 3683, 3624, 3222, 2844, 2458, 2122, 2015, 1812, 1564, 5885),
(15, 7126, 7581, 7889, 8219, 8505, 8474, 8555, 8988, 9327, 9248, 9201, 8851, 9257, 8858, 9052, 8649, 8650, 8327, 7846, 6427, 6560, 7436, 7760, 8772, 9076, 9312, 9494, 9423, 9746, 10075, 9707, 9647, 9492, 9622, 9483, 9517, 9152, 9400, 9348, 9552, 9713, 9342, 8535, 8627, 9087, 9725, 10041, 10816, 11849, 12497, 12054, 12642, 12791, 13163, 13037, 13002, 12661, 12478, 11936, 11597, 11040, 10981, 10731, 10221, 10044, 9426, 9792, 9581, 9289, 9457, 9558, 9673, 10329, 11151, 8476, 8161, 8335, 7297, 6238, 5403, 5291, 5174, 4759, 4273, 3801, 3500, 3042, 2710, 2469, 2110, 7674),
(16, 6489, 6901, 7228, 7557, 7977, 8050, 8378, 8590, 9089, 9126, 9024, 8770, 8939, 8878, 8652, 8332, 8039, 8057, 8046, 9606, 9920, 9324, 8927, 8516, 8326, 8007, 8308, 8381, 9121, 9346, 9071, 8823, 9005, 8539, 8318, 8020, 8418, 8458, 8504, 8540, 8831, 8807, 8072, 8039, 8254, 8689, 8876, 9581, 10318, 10640, 10820, 11312, 11305, 11783, 11870, 12229, 12406, 12002, 12069, 11596, 11407, 11450, 11184, 11091, 10649, 10567, 10740, 10759, 10459, 10595, 10949, 11134, 11926, 12878, 9941, 9533, 9206, 8453, 7396, 6396, 6235, 5936, 5662, 5353, 4707, 4318, 3822, 3467, 3221, 2832, 11351),
(17, 2741, 2870, 3117, 3262, 3492, 3544, 3677, 3724, 4068, 4070, 4093, 4070, 4245, 4240, 4150, 4198, 4021, 4116, 3769, 2838, 2610, 2713, 2926, 3232, 3156, 3279, 3252, 3244, 3156, 3598, 3714, 3545, 3639, 3648, 3477, 3433, 3271, 3377, 3593, 3817, 3866, 3905, 3524, 3712, 3780, 4072, 4297, 4420, 4855, 5166, 5181, 5285, 5439, 5556, 5746, 5861, 6154, 6020, 6035, 5824, 5679, 5719, 5950, 5598, 5397, 5434, 5522, 5448, 5460, 5551, 5950, 5786, 6457, 7093, 5439, 5068, 4990, 4632, 4103, 3459, 3431, 3316, 3266, 2868, 2583, 2425, 2113, 1941, 1768, 1576, 6086),
(18, 4727, 4923, 5145, 5326, 5537, 5627, 5891, 6059, 6045, 6327, 6235, 5837, 6126, 5947, 5879, 5646, 5365, 5337, 5452, 7548, 8251, 8244, 7452, 6748, 6371, 6450, 6601, 6793, 7155, 7102, 6577, 6039, 5998, 5835, 6407, 6374, 6005, 6461, 6168, 6187, 6208, 5916, 5490, 5286, 5550, 5682, 5840, 6474, 6886, 7557, 7168, 7544, 7742, 7866, 7946, 8102, 8134, 7899, 7812, 7423, 7030, 7283, 7125, 6835, 6572, 6446, 6207, 6299, 5985, 6115, 6177, 6309, 6374, 7034, 5250, 5161, 4953, 4261, 3806, 3488, 3429, 3297, 3094, 2926, 2405, 2251, 1919, 1623, 1373, 1280, 4120),
(19, 4634, 4919, 5221, 5480, 5680, 5863, 5816, 6194, 6402, 6550, 6497, 6399, 6392, 6323, 6323, 5970, 6048, 5864, 5603, 4941, 4351, 4710, 5248, 5498, 5496, 5457, 5405, 5127, 5370, 5668, 5392, 5471, 5644, 5694, 5501, 5791, 5612, 6028, 6215, 6126, 6220, 6159, 5600, 5689, 5959, 6302, 6553, 7002, 7436, 7904, 7686, 8003, 8146, 8587, 8554, 8728, 8668, 8581, 8233, 8006, 7749, 7818, 7517, 7390, 7351, 6993, 7239, 7143, 7004, 7177, 7426, 7673, 8446, 9372, 7003, 6532, 6442, 5834, 5146, 4234, 4376, 4349, 4161, 3803, 3491, 3188, 2796, 2539, 2340, 2165, 9216),
(20, 15708, 16370, 17246, 17586, 17927, 18007, 18287, 18586, 18812, 18432, 18548, 18301, 18349, 17507, 17571, 16853, 16863, 16090, 15610, 14038, 14116, 15151, 16056, 16597, 17028, 16607, 17705, 17511, 18078, 18464, 18431, 18775, 19130, 18292, 18272, 18321, 18090, 17992, 18425, 18991, 19030, 18469, 17479, 17527, 17831, 18681, 18618, 19543, 20277, 21272, 20912, 21423, 21561, 22122, 21935, 21563, 21088, 20771, 20557, 19830, 18675, 18080, 18036, 17103, 16741, 15901, 15973, 15942, 15338, 15469, 15742, 16616, 18034, 20306, 14889, 14047, 13816, 12582, 10784, 9153, 9502, 9430, 8733, 8102, 7443, 6709, 5953, 5227, 4745, 4162, 15314),
(21, 5990, 6431, 6861, 6875, 7248, 7281, 7428, 7440, 7805, 7663, 7517, 7486, 7670, 7346, 7226, 6920, 7174, 7201, 6886, 6420, 6222, 6702, 6611, 6828, 6894, 6710, 6980, 6737, 6722, 7274, 7429, 7720, 7503, 7266, 7489, 7508, 7554, 7698, 7753, 8001, 7897, 7922, 7217, 6904, 7414, 7729, 8024, 8507, 9051, 9169, 8960, 9418, 9464, 9844, 9666, 9642, 9706, 9376, 9314, 8981, 8702, 8399, 8134, 7760, 7561, 7476, 7467, 7424, 7362, 7109, 7369, 7529, 7826, 8396, 6365, 6128, 6226, 5753, 4995, 4302, 4275, 4285, 3832, 3627, 3201, 3009, 2628, 2379, 2094, 1705, 6658),
(22, NULL, NULL, NULL, NULL, NULL, NULL, NULL, NULL, NULL, NULL, NULL, NULL, NULL, NULL, NULL, NULL, NULL, NULL, NULL, NULL, NULL, NULL, NULL, NULL, NULL, NULL, NULL, NULL, NULL, NULL, NULL, NULL, NULL, NULL, NULL, NULL, NULL, NULL, NULL, NULL, NULL, NULL, NULL, NULL, NULL, NULL, NULL, NULL, NULL, NULL, NULL, NULL, NULL, NULL, NULL, NULL, NULL, NULL, NULL, NULL, NULL, NULL, NULL, NULL, NULL, NULL, NULL, NULL, NULL, NULL, NULL, NULL, NULL, NULL, NULL, NULL, NULL, NULL, NULL, NULL, NULL, NULL, NULL, NULL, NULL, NULL, NULL, NULL, NULL, NULL, NULL),
(23, 33885, 34979, 35452, 36745, 37615, 37355, 37678, 37970, 38780, 38158, 37452, 36513, 36989, 35715, 35259, 33790, 32592, 31663, 31913, 33634, 35877, 37866, 38694, 40772, 41351, 41290, 41991, 42824, 43939, 45391, 44192, 42969, 42749, 41104, 41162, 41127, 39668, 39426, 38940, 38307, 38012, 35980, 33577, 32259, 32560, 33364, 33490, 34820, 37166, 38131, 37157, 38307, 37648, 38034, 37440, 37622, 36663, 35051, 34930, 32999, 31449, 30617, 29672, 28464, 26690, 25447, 25305, 25160, 24089, 23978, 24745, 24682, 26248, 28126, 20304, 19694, 19391, 17999, 15954, 14239, 14130, 13426, 12691, 11322, 10154, 9163, 7696, 6806, 6199, 5286, 20174),
(24, 13275, 13812, 14241, 15078, 15787, 15922, 16159, 16620, 17257, 17300, 17191, 16754, 17033, 16570, 16276, 15707, 15489, 15141, 14719, 12938, 12079, 13062, 13121, 14264, 14647, 14514, 14261, 14092, 14639, 15403, 16006, 16095, 16584, 16316, 15871, 16130, 15854, 16615, 16427, 17032, 17390, 17038, 16216, 16083, 16612, 17851, 17893, 19165, 19504, 20336, 19285, 20351, 20253, 20568, 20762, 21285, 20980, 20813, 19717, 19357, 18308, 18058, 17444, 16990, 16106, 15420, 15276, 15212, 14730, 14975, 15369, 16179, 16982, 19071, 14527, 13879, 13462, 12274, 10620, 9310, 9642, 9235, 8780, 8125, 7421, 6670, 5992, 5417, 4811, 4315, 16866),
(25, 1558, 1724, 1835, 1900, 1912, 1922, 2049, 2202, 2196, 2257, 2188, 2119, 2175, 2111, 1972, 2028, 2006, 1875, 1852, 1526, 1451, 1520, 1770, 1855, 2015, 2067, 1968, 2000, 2116, 2350, 2184, 2310, 2263, 2256, 2278, 2147, 2184, 2230, 2126, 2219, 2305, 2131, 1938, 1970, 2025, 2071, 2077, 2329, 2488, 2661, 2569, 2797, 2796, 2917, 3055, 3092, 2893, 2933, 2991, 2926, 2669, 2707, 2808, 2592, 2701, 2564, 2652, 2642, 2491, 2495, 2490, 2736, 2648, 2852, 2278, 2166, 2195, 1902, 1734, 1515, 1492, 1458, 1284, 1295, 1106, 1073, 930, 801, 685, 605, 2369),
(26, 13560, 13997, 14650, 15118, 15539, 15459, 15717, 15772, 16576, 16629, 16642, 16157, 16218, 15360, 14978, 14277, 14306, 13665, 13018, 10202, 10250, 11148, 12488, 13909, 13944, 14032, 14224, 13949, 13940, 14496, 14724, 15289, 15988, 15739, 15973, 15732, 16199, 16718, 17377, 17465, 18029, 17223, 16336, 16265, 16396, 16481, 16589, 16591, 17095, 17335, 16434, 16810, 17018, 17038, 17335, 17195, 16522, 16311, 15588, 14823, 13915, 13670, 13013, 12478, 11849, 11213, 11101, 10536, 10057, 10197, 10317, 10434, 10966, 12244, 9208, 8858, 8683, 8125, 6829, 5961, 6398, 6334, 5968, 5798, 5181, 4837, 4399, 3841, 3610, 3088, 11726),
(27, 1003, 1150, 1176, 1246, 1316, 1431, 1443, 1423, 1487, 1448, 1463, 1393, 1426, 1489, 1521, 1456, 1428, 1374, 1288, 1170, 1169, 1235, 1272, 1439, 1392, 1403, 1476, 1284, 1293, 1420, 1286, 1303, 1357, 1342, 1360, 1393, 1393, 1294, 1333, 1384, 1422, 1426, 1306, 1302, 1355, 1517, 1599, 1695, 1717, 1963, 1970, 2055, 2093, 2184, 2211, 2286, 2174, 2238, 2159, 2145, 2150, 2194, 2095, 2084, 2139, 2070, 2192, 2070, 2078, 2036, 2114, 2244, 2404, 2629, 2035, 1927, 1892, 1705, 1559, 1161, 1277, 1159, 1074, 944, 910, 843, 734, 661, 613, 478, 2049),
(28, 16422, 17173, 18202, 18804, 18936, 19450, 19667, 19970, 20771, 20583, 20636, 20330, 20586, 20151, 19722, 18797, 18425, 17946, 17420, 16004, 16313, 17307, 17740, 17834, 17326, 17309, 18522, 17933, 19000, 18802, 18677, 18925, 18998, 18911, 19501, 19410, 19193, 19277, 19520, 20202, 20297, 19595, 18330, 18249, 18453, 19306, 19769, 20768, 21582, 22391, 22087, 22828, 22626, 23201, 23115, 23240, 22604, 21923, 21562, 20390, 19440, 19374, 18706, 18255, 17496, 16893, 16834, 16590, 16088, 16394, 16894, 17469, 18805, 20728, 15623, 14444, 14352, 12926, 11252, 9710, 10008, 9698, 8786, 8211, 7482, 6714, 5925, 5430, 4779, 4286, 16454),
(29, 12048, 12707, 12794, 13516, 14108, 14262, 14331, 14747, 14809, 15252, 14977, 14825, 15001, 14591, 14405, 13949, 13598, 13064, 13179, 15127, 15234, 15660, 15098, 15376, 14632, 14297, 14739, 14945, 15940, 15690, 14967, 14718, 14908, 14188, 14447, 14498, 14152, 14337, 13987, 14026, 14525, 13731, 12828, 12690, 13761, 13807, 14518, 15275, 16326, 17148, 16838, 17478, 17525, 17517, 17327, 17852, 17616, 17510, 17469, 16671, 16067, 15367, 15274, 14989, 14201, 13698, 13680, 13684, 13142, 13328, 13678, 14276, 15005, 16112, 11941, 11464, 11188, 10164, 9153, 8141, 7949, 7566, 7012, 6526, 5898, 5216, 4645, 3876, 3523, 3165, 11607),
(30, 4494, 4613, 4713, 4934, 4943, 5019, 4997, 5001, 5134, 4804, 4533, 4816, 4671, 4494, 4498, 4208, 4160, 4037, 4565, 6905, 9234, 9538, 8129, 6930, 5860, 6003, 6487, 6409, 6388, 6561, 6027, 5278, 5185, 4846, 4687, 4882, 5070, 4814, 4480, 4603, 4580, 4356, 3962, 3907, 3996, 3853, 3662, 3885, 3968, 3957, 3722, 3856, 3800, 3706, 3603, 3809, 3598, 3701, 3608, 3712, 3535, 3366, 3252, 3062, 3028, 2903, 2896, 2720, 2643, 2462, 2439, 2323, 2332, 2183, 1770, 1613, 1604, 1599, 1243, 1215, 1285, 1211, 1141, 1115, 975, 900, 813, 745, 629, 570, 2273),
(31, 6719, 7098, 7637, 7816, 8528, 8590, 8583, 8623, 9099, 8984, 8648, 8480, 8716, 8310, 8183, 7866, 7792, 7660, 7703, 8790, 9249, 9119, 8089, 8366, 8434, 7936, 8212, 8412, 8498, 8632, 8809, 8544, 8851, 8466, 8682, 8631, 8336, 8602, 8540, 8491, 8808, 8335, 7675, 7728, 7891, 8297, 8766, 9491, 10153, 10637, 10359, 10670, 10502, 11133, 11190, 11601, 11554, 11323, 11295, 11154, 10558, 10264, 10278, 9990, 9679, 9472, 9623, 9650, 9358, 9553, 9908, 9888, 10679, 11469, 8879, 8510, 8385, 7466, 6636, 5598, 5629, 5472, 4910, 4636, 4059, 3665, 3100, 2848, 2554, 2237, 8094),
(32, 68, 94, 100, 116, 96, 133, 134, 114, 137, 128, 96, 101, 92, 107, 69, 94, 81, 65, 91, 124, 129, 187, 224, 275, 246, 313, 267, 308, 284, 273, 151, 166, 171, 133, 174, 117, 129, 142, 161, 131, 108, 119, 104, 121, 86, 143, 146, 115, 143, 116, 149, 131, 196, 138, 150, 122, 154, 144, 124, 128, 117, 113, 128, 95, 96, 132, 96, 100, NULL, 98, 106, NULL, 114, 100, 68, 68, 51, 63, 57, 55, 55, 52, 48, 41, 21, 39, 9, 34, 13, 21, 116),
(33, 14571, 15576, 16145, 16610, 16840, 16788, 17010, 16597, 17729, 16897, 16375, 16230, 16295, 15965, 15683, 14900, 14751, 14641, 15181, 19158, 20728, 21296, 19880, 19662, 19103, 19253, 19348, 19966, 20754, 21834, 21035, 20142, 19517, 18851, 19084, 19002, 17972, 17796, 17688, 17316, 17241, 16561, 15138, 14627, 15303, 15551, 15701, 16683, 17862, 18921, 18507, 18877, 18629, 19224, 19098, 20122, 20263, 20043, 19899, 19424, 18611, 17940, 17826, 17338, 16408, 15622, 15748, 15237, 14674, 14788, 14415, 14493, 15143, 16293, 12191, 11024, 11336, 10436, 9314, 8648, 8573, 8386, 7982, 7138, 6727, 6014, 5302, 4602, 4166, 3540, 12498),
(34, 7877, 8356, 8820, 9461, 9687, 9706, 9785, 10234, 10413, 10408, 10314, 10095, 10342, 9932, 9555, 9247, 9087, 8863, 8982, 10300, 10411, 10548, 10361, 10444, 10527, 10333, 10636, 10048, 10212, 10446, 10345, 10458, 10645, 10541, 10498, 10478, 10237, 10302, 10458, 10304, 10159, 9869, 9280, 9041, 9464, 9877, 10532, 10998, 11635, 12112, 12117, 12551, 12517, 12552, 13027, 13226, 13158, 12841, 12705, 12583, 12091, 11932, 11728, 11598, 11407, 11069, 11277, 11256, 11190, 11261, 11649, 11833, 12911, 14520, 10816, 10258, 10104, 9278, 8028, 6986, 6940, 6712, 6474, 5981, 5387, 4886, 4269, 3868, 3535, 3028, 11827),
(35, 3845, 4010, 4201, 4346, 4492, 4538, 4692, 4704, 4919, 4746, 4716, 4653, 4668, 4681, 4557, 4165, 4329, 4092, 3706, 2950, 2768, 3070, 3265, 3597, 3709, 3756, 3786, 3908, 4149, 4176, 4196, 4304, 4537, 4301, 4551, 4782, 4488, 4796, 4633, 4570, 4802, 4552, 4106, 4182, 4337, 4507, 4742, 4815, 4973, 5209, 4919, 5275, 5243, 5230, 5105, 5317, 4924, 4949, 4725, 4505, 4355, 4099, 4091, 3888, 3639, 3698, 3792, 3645, 3550, 3685, 3615, 3796, 3916, 4189, 3204, 3015, 2866, 2534, 2276, 1906, 1859, 1839, 1696, 1473, 1400, 1193, 1085, 972, 847, 688, 2868),
(36, 2455, 2765, 3034, 3045, 3207, 3070, 3169, 3373, 3472, 3522, 3552, 3487, 3668, 3363, 3510, 3376, 3467, 3266, 3237, 2574, 2490, 2642, 2781, 3098, 3242, 3191, 3043, 3201, 3416, 3435, 3333, 3406, 3554, 3401, 3427, 3588, 3410, 3411, 3584, 3560, 3806, 3796, 3360, 3312, 3469, 3583, 3645, 3941, 4216, 4656, 4397, 4577, 4666, 4903, 4934, 5352, 5351, 5241, 5191, 5164, 5222, 5192, 5077, 4849, 4727, 4522, 4596, 4442, 4427, 4503, 4517, 4598, 4902, 5069, 3772, 3693, 3513, 3117, 2671, 2492, 2426, 2308, 2114, 2021, 1769, 1661, 1392, 1227, 1110, 946, 3560),
(37, 4978, 5429, 5729, 6041, 6310, 6466, 6472, 6568, 6929, 6869, 7122, 6940, 7079, 6930, 6879, 6689, 6753, 7487, 6338, 4616, 4322, 4525, 4965, 5796, 5821, 5798, 5550, 6117, 6417, 6652, 6811, 6558, 6805, 6482, 6752, 6460, 6423, 6472, 6689, 7066, 6785, 6689, 6149, 6308, 6737, 6950, 7346, 7924, 8617, 9099, 8939, 9302, 9543, 9807, 9718, 10275, 10169, 10072, 9899, 9684, 9416, 9164, 8795, 8665, 8495, 8136, 8343, 8108, 7890, 8051, 8040, 8466, 8842, 9612, 7147, 7185, 6835, 6111, 5327, 4694, 4802, 4749, 4382, 3849, 3774, 3348, 2911, 2521, 2226, 2094, 7515),
(38, 7771, 8151, 8446, 9340, 9353, 9499, 9645, 9760, 10306, 10339, 10110, 9939, 9998, 9734, 9551, 8984, 8930, 8625, 8326, 7570, 7814, 8108, 8430, 9054, 9577, 9748, 10211, 9650, 10338, 10488, 10368, 10486, 10391, 10254, 10293, 10092, 10020, 10055, 9999, 10324, 10509, 9966, 9556, 9353, 9630, 9968, 10326, 11075, 11555, 12093, 11731, 12330, 12259, 12474, 12433, 12690, 12433, 12409, 11849, 11543, 11277, 10917, 10365, 9918, 9555, 9360, 9461, 9216, 9219, 9168, 9449, 9558, 10054, 10756, 8193, 8062, 7986, 7223, 6120, 5423, 5404, 5329, 4839, 4480, 3986, 3603, 3169, 2685, 2503, 2118, 7722),
(39, 7205, 7648, 7899, 8068, 8396, 8315, 8276, 8491, 8853, 9200, 8601, 8371, 8666, 8461, 8156, 7943, 7888, 7660, 7617, 9594, 10009, 10365, 10101, 9820, 9450, 9390, 9264, 9092, 8826, 8769, 8431, 8027, 8007, 8374, 8580, 8909, 8855, 9250, 8826, 9122, 8859, 8910, 8355, 8361, 8012, 8424, 8789, 8979, 9319, 9419, 9390, 9415, 9576, 9584, 9811, 9694, 9631, 9427, 8952, 8552, 8359, 7891, 7703, 7409, 7095, 6869, 6715, 6639, 6279, 6649, 6749, 6846, 7261, 7532, 5868, 5953, 5749, 5305, 4587, 4035, 4086, 4056, 3668, 3475, 3248, 2906, 2527, 2260, 2107, 1791, 7029),
(40, 270, 326, 388, 387, 405, 384, 395, 440, 378, 388, 418, 415, 410, 494, 554, 626, 591, 581, 463, 228, 206, 220, 329, 348, 424, 439, 479, 444, 380, 441, 424, 445, 426, 376, 405, 432, 431, 432, 426, 469, 487, 500, 431, 446, 474, 468, 506, 479, 556, 599, 591, 601, 637, 579, 596, 620, 645, 551, 605, 563, 550, 574, 504, 535, 517, 475, 496, 506, 533, 525, 557, 558, 592, 646, 493, 452, 468, 450, 373, 353, 274, 321, 320, 238, 265, 250, 175, 182, 134, 140, 569),
(41, 2648, 2723, 2970, 3159, 3288, 3129, 3221, 3320, 3445, 3542, 3668, 3510, 3750, 3606, 3579, 3575, 3561, 3599, 3327, 2646, 2541, 2657, 2905, 3201, 3105, 3334, 3276, 3162, 3376, 3552, 3650, 3550, 3538, 3660, 3651, 3590, 3443, 3502, 3401, 3671, 3701, 3398, 3428, 3398, 3434, 3661, 3827, 4099, 4461, 4920, 4503, 4891, 4942, 5048, 5187, 5164, 5145, 5246, 5120, 4984, 4732, 4665, 4524, 4409, 4281, 4287, 4342, 4249, 4196, 4150, 4192, 4381, 4647, 4706, 3949, 3702, 3804, 3329, 2887, 2571, 2567, 2400, 2230, 2146, 1818, 1667, 1490, 1323, 1189, 1002, 3992),
(42, 5064, 5240, 5609, 5795, 6076, 6137, 6215, 6404, 6606, 6626, 6645, 6607, 6648, 6503, 6403, 6303, 6162, 6250, 5674, 4543, 4335, 4457, 5014, 5379, 5493, 5435, 5752, 5386, 5700, 5777, 6047, 6377, 6282, 6114, 6024, 6076, 5905, 6094, 5916, 6159, 6012, 5984, 5679, 5692, 5823, 6216, 6512, 6939, 7502, 7850, 7886, 8090, 8287, 8437, 8654, 8734, 8690, 8558, 8406, 8417, 7883, 7858, 7778, 7592, 7171, 7198, 7498, 7423, 7467, 7517, 7503, 7729, 8038, 8533, 6562, 6402, 6122, 5834, 5096, 4271, 4350, 4064, 3865, 3603, 3212, 2863, 2663, 2333, 2063, 1870, 7890),
(43, 14762, 15122, 15933, 16416, 16622, 16539, 16594, 17198, 17617, 17101, 17154, 17343, 17231, 16565, 16452, 15816, 15468, 14901, 15382, 18047, 20348, 21118, 21430, 21031, 20094, 19949, 20716, 21801, 22062, 21759, 20577, 19331, 19827, 18597, 18417, 18526, 17711, 17425, 17246, 17419, 17577, 16353, 15067, 14683, 15314, 15796, 16138, 17367, 18134, 19452, 19113, 19395, 19583, 19325, 19269, 18981, 18767, 18642, 18136, 17655, 17075, 16558, 16429, 15627, 14885, 14212, 14189, 13912, 13246, 13439, 13255, 13581, 14374, 15078, 11860, 11954, 11495, 9975, 8841, 8133, 8117, 7748, 7381, 6565, 6170, 5470, 4754, 4167, 3588, 3161, 11421),
(44, 8296, 8354, 8866, 9160, 9272, 9310, 9488, 9798, 9967, 10209, 9976, 10086, 10277, 9897, 9814, 9667, 9631, 9207, 8974, 8687, 8648, 9054, 9643, 10040, 9937, 10197, 10578, 10362, 10948, 11387, 11104, 10625, 10719, 10455, 10345, 10402, 10192, 10211, 10424, 10415, 10830, 9975, 9370, 9348, 9977, 10395, 10870, 11681, 12437, 13116, 12925, 13158, 13268, 13424, 13549, 13362, 13323, 12821, 12810, 12467, 11464, 11473, 11208, 10707, 10401, 10070, 10319, 10264, 9560, 10026, 10382, 10469, 11289, 11874, 8973, 9152, 9164, 8288, 7301, 6337, 6173, 5990, 5450, 5124, 4420, 3826, 3457, 2956, 2661, 2251, 8415),
(45, 7180, 7373, 7865, 7966, 8699, 8369, 8522, 8891, 8908, 9295, 9190, 8952, 9107, 8920, 8618, 8388, 8571, 8049, 7596, 6129, 5985, 6671, 7233, 8169, 8042, 8198, 8391, 8233, 8558, 8879, 8700, 8877, 9231, 9009, 9016, 8915, 8574, 8585, 9002, 8857, 8944, 8590, 7798, 7961, 8089, 8637, 8904, 9526, 9871, 10502, 10428, 10913, 10671, 11094, 11215, 11238, 11326, 10836, 10544, 10528, 9813, 9854, 9858, 9681, 9214, 8961, 9376, 9287, 9038, 9175, 9377, 9728, 10435, 11606, 8625, 8131, 8008, 7170, 6510, 5451, 5531, 5425, 5169, 4670, 4232, 3982, 3447, 3047, 2751, 2448, 9918),
(46, 12153, 13017, 13704, 14143, 14978, 14950, 15024, 15342, 16027, 16064, 15845, 15430, 15726, 15238, 14922, 14363, 14162, 13945, 13603, 12777, 11999, 12946, 13082, 13706, 13609, 13245, 12723, 12767, 12757, 13011, 12867, 13066, 13526, 12871, 13359, 13803, 14205, 14705, 15688, 16220, 16875, 16713, 16400, 16420, 16521, 17096, 16873, 17331, 17601, 17936, 17126, 17179, 17500, 17851, 17765, 17635, 17548, 16860, 16124, 15686, 14666, 13932, 13616, 12806, 12342, 11934, 11425, 11429, 11072, 10982, 11274, 11736, 12431, 13480, 10668, 9881, 9979, 9294, 7910, 6912, 7206, 7114, 6636, 6300, 5914, 5281, 4831, 4386, 4062, 3599, 14164),
(47, 11041, 11774, 12042, 12461, 12995, 12574, 12928, 12975, 13654, 13358, 13146, 13013, 12958, 12613, 12560, 11786, 11721, 11761, 12465, 16767, 18004, 18189, 18053, 16728, 16471, 16003, 16692, 16971, 17474, 17730, 16565, 16053, 15803, 15562, 15581, 14884, 14284, 14450, 13979, 14255, 14268, 13737, 12178, 11799, 12544, 12471, 12619, 13389, 14798, 15232, 14560, 14678, 14861, 15249, 15404, 15887, 15689, 15883, 15434, 14811, 14441, 14450, 14514, 13685, 12991, 12320, 12304, 11911, 11316, 11339, 11545, 11617, 12140, 12966, 9509, 8908, 8534, 7629, 6889, 6345, 6654, 6507, 6254, 5692, 4965, 4562, 4079, 3579, 3193, 2794, 9178),
(48, 5860, 6180, 6450, 6510, 6789, 6657, 6689, 6886, 7010, 7124, 6836, 6944, 6845, 6852, 6614, 6458, 6330, 6119, 6051, 5634, 6690, 6695, 6862, 7289, 6602, 7005, 6948, 6821, 7655, 7894, 7798, 7181, 6816, 6735, 7093, 7094, 6905, 7038, 7172, 7202, 7311, 7004, 6656, 6600, 6820, 7010, 7394, 7690, 8074, 8413, 8096, 8487, 8295, 8261, 8763, 8515, 8450, 8220, 7990, 7919, 7243, 7153, 6752, 6819, 6283, 6153, 6229, 6127, 6085, 6106, 6210, 6456, 6641, 7190, 5816, 5902, 5771, 5155, 4314, 3769, 3739, 3658, 3543, 3306, 2907, 2512, 2180, 1900, 1805, 1662, 6099),
(49, 36070, 37361, 38530, 39902, 40256, 40145, 40768, 41623, 42199, 40359, 39391, 39575, 39760, 38272, 38260, 36888, 36012, 34905, 35646, 41916, 43793, 45191, 44978, 45387, 46297, 45309, 46284, 45811, 46207, 46600, 44237, 43121, 42363, 41669, 41224, 40267, 38877, 39130, 37858, 38042, 38463, 35952, 33418, 32656, 33490, 33265, 33972, 35148, 36562, 37307, 37208, 37076, 36819, 36324, 35955, 35676, 35242, 34239, 34076, 31870, 30037, 29158, 28292, 27090, 25840, 24996, 24700, 24492, 23501, 22821, 23147, 23051, 23504, 24566, 19691, 19697, 20112, 18690, 16449, 14529, 14705, 14340, 13565, 12558, 11625, 10459, 8638, 8133, 7290, 6261, 22789),
(50, 8277, 8653, 9064, 9456, 9970, 10060, 10121, 10295, 10880, 10723, 10759, 10599, 10709, 10219, 9768, 9329, 9367, 9114, 8570, 7234, 6581, 7047, 7611, 8367, 8298, 8199, 8497, 8488, 8711, 9208, 9402, 9510, 9888, 9628, 9882, 10128, 10101, 10263, 10964, 11098, 11259, 11188, 10568, 10310, 10375, 10762, 11365, 11513, 12208, 12614, 12054, 12608, 12640, 12926, 12651, 12993, 12923, 12447, 12151, 11823, 11205, 11298, 11075, 10416, 10257, 10099, 10049, 9823, 9680, 9742, 10044, 10567, 11151, 12394, 9504, 9050, 8763, 8367, 6966, 6021, 6372, 6124, 5880, 5343, 4922, 4554, 4085, 3577, 3330, 3049, 11512),
(51, 27032, 28230, 29114, 30307, 30792, 30972, 30819, 31454, 32073, 31101, 31012, 30502, 30233, 29325, 29290, 27884, 27363, 26654, 26993, 30786, 33431, 33678, 33354, 33504, 33548, 32315, 32938, 33494, 33783, 33286, 31445, 30849, 31841, 30981, 31052, 31265, 31082, 30909, 30895, 30649, 30955, 29262, 26898, 26436, 27428, 27464, 27997, 29391, 30845, 32294, 31197, 30960, 31072, 31152, 30565, 30500, 30424, 29394, 28784, 27679, 26759, 26009, 25645, 24567, 23547, 21903, 22339, 21869, 20864, 21076, 21185, 21495, 22498, 24159, 17524, 16741, 16391, 15177, 13041, 11702, 12182, 11364, 11227, 10269, 9184, 8281, 7347, 6236, 5531, 4756, 17435),
(52, 4718, 4943, 5268, 5426, 5841, 5834, 6004, 6096, 6328, 6518, 6593, 6366, 6364, 6225, 6202, 5862, 5961, 5725, 5478, 4142, 3684, 4052, 4262, 5109, 4973, 4884, 5164, 4882, 5384, 5438, 5354, 5940, 5992, 5884, 5818, 5881, 5995, 6013, 5876, 6007, 6231, 6004, 5566, 5570, 5899, 6088, 6515, 7062, 7472, 7343, 7585, 7522, 7452, 7849, 7785, 7749, 7675, 7458, 7346, 7117, 6837, 6683, 6457, 6095, 5866, 5767, 5862, 5845, 5645, 5557, 5644, 5903, 6360, 6648, 5136, 5057, 4912, 4409, 3958, 3425, 3441, 3230, 3034, 2778, 2572, 2394, 2033, 1923, 1657, 1543, 5625),
(53, 5443, 5848, 6161, 6387, 6665, 6698, 6729, 7089, 7243, 7061, 6894, 6996, 6969, 6930, 6731, 6723, 6561, 6225, 6150, 5187, 5141, 5489, 6023, 6416, 6518, 6379, 6645, 6614, 6833, 7042, 7153, 6882, 6707, 6739, 6786, 6825, 6803, 6952, 6930, 7065, 7226, 7076, 6459, 6674, 6808, 7100, 7484, 7660, 8390, 8544, 8396, 8670, 8776, 9059, 8981, 9020, 8961, 8752, 8445, 7951, 7858, 7699, 7566, 7284, 7160, 7051, 7393, 7323, 7000, 7171, 7294, 7657, 7713, 8219, 6457, 6329, 6413, 5539, 4864, 4191, 4141, 4074, 3763, 3575, 3008, 2766, 2511, 2175, 2065, 1725, 7022),
(54, 2695, 2797, 3066, 3241, 3349, 3467, 3503, 3598, 3868, 3826, 3779, 3783, 3978, 3778, 3666, 3707, 3672, 3605, 3452, 2547, 2513, 2749, 2752, 2957, 3044, 3107, 3117, 3199, 3281, 3047, 3003, 3345, 3370, 3321, 3354, 3339, 3517, 3450, 3493, 3658, 3645, 3904, 3593, 3371, 3812, 4068, 4201, 4549, 4857, 5022, 4940, 5272, 5238, 5208, 5497, 5465, 5603, 5687, 5464, 5271, 5079, 4949, 5106, 4905, 4871, 4725, 4731, 4629, 4654, 4784, 5045, 5013, 5376, 6052, 4386, 4020, 3850, 3594, 3075, 2753, 2852, 2743, 2610, 2452, 2109, 1887, 1679, 1464, 1277, 1107, 3764);

-- --------------------------------------------------------

--
-- Table structure for table `countycrimebreakdown`
--

CREATE TABLE `countycrimebreakdown` (
  `County_ID` int(11) NOT NULL,
  `Violence_against_the_person` int(11) DEFAULT NULL,
  `Homicide` int(11) DEFAULT NULL,
  `Violence_with_injury` int(11) DEFAULT NULL,
  `Violence_without_injury` int(11) DEFAULT NULL,
  `Stalking_and_harassment4` int(11) DEFAULT NULL,
  `Death_or_serious_injury_unlawful_driving` int(11) DEFAULT NULL,
  `Sexual_offences` int(11) DEFAULT NULL,
  `Robbery` int(11) DEFAULT NULL,
  `Theft_offences` int(11) DEFAULT NULL,
  `Burglary` int(11) DEFAULT NULL,
  `Residential_burglary5` int(11) DEFAULT NULL,
  `Nonresidential_burglary5` int(11) DEFAULT NULL,
  `Vehicle_offences` int(11) DEFAULT NULL,
  `Theft_from_the_person` int(11) DEFAULT NULL,
  `Bicycle_theft` int(11) DEFAULT NULL,
  `Shoplifting` int(11) DEFAULT NULL,
  `Other_theft_offences` int(11) DEFAULT NULL,
  `Criminal_damage_and_arson` int(11) DEFAULT NULL,
  `FIELD20` varchar(4) DEFAULT NULL,
  `Drug_offences` int(11) DEFAULT NULL,
  `Possession_of_weapons_offences` int(11) DEFAULT NULL,
  `Public_order_offences` int(11) DEFAULT NULL,
  `Miscellaneous_crimes` int(11) DEFAULT NULL
) ENGINE=InnoDB DEFAULT CHARSET=utf8mb4;

--
-- Dumping data for table `countycrimebreakdown`
--

INSERT INTO `countycrimebreakdown` (`County_ID`, `Violence_against_the_person`, `Homicide`, `Violence_with_injury`, `Violence_without_injury`, `Stalking_and_harassment4`, `Death_or_serious_injury_unlawful_driving`, `Sexual_offences`, `Robbery`, `Theft_offences`, `Burglary`, `Residential_burglary5`, `Nonresidential_burglary5`, `Vehicle_offences`, `Theft_from_the_person`, `Bicycle_theft`, `Shoplifting`, `Other_theft_offences`, `Criminal_damage_and_arson`, `FIELD20`, `Drug_offences`, `Possession_of_weapons_offences`, `Public_order_offences`, `Miscellaneous_crimes`) VALUES
(1, 17053, 3, 4390, 7836, 4805, 19, 1646, 756, 20792, 4267, 3026, 1241, 6533, 575, 1051, 3528, 4838, 5365, NULL, 1683, 369, 5144, 977),
(2, NULL, NULL, NULL, NULL, NULL, NULL, NULL, NULL, NULL, NULL, NULL, NULL, NULL, NULL, NULL, NULL, NULL, NULL, NULL, NULL, NULL, NULL, NULL),
(3, NULL, NULL, NULL, NULL, NULL, NULL, NULL, NULL, NULL, NULL, NULL, NULL, NULL, NULL, NULL, NULL, NULL, NULL, NULL, NULL, NULL, NULL, NULL),
(4, NULL, NULL, NULL, NULL, NULL, NULL, NULL, NULL, NULL, NULL, NULL, NULL, NULL, NULL, NULL, NULL, NULL, NULL, NULL, NULL, NULL, NULL, NULL),
(5, 5388, 6, 1136, 2667, 1570, 9, 486, 111, 4032, 727, 471, 256, 927, 71, 661, 615, 1031, 1587, NULL, 613, 136, 1450, 391),
(6, 9185, 1, 2078, 3148, 3956, 2, 646, 71, 3550, 867, 668, 199, 421, 32, 257, 848, 1125, 1829, NULL, 587, 80, 3279, 415),
(7, NULL, NULL, NULL, NULL, NULL, NULL, NULL, NULL, NULL, NULL, NULL, NULL, NULL, NULL, NULL, NULL, NULL, NULL, NULL, NULL, NULL, NULL, NULL),
(8, 3383, 4, 843, 1268, 1263, 5, 307, 27, 1262, 318, 212, 106, 167, 11, 61, 230, 475, 936, NULL, 306, 65, 1138, 144),
(9, 7679, 2, 2334, 2676, 2666, 1, 554, 120, 3809, 806, 549, 257, 859, 77, 226, 644, 1197, 1922, NULL, 688, 217, 2114, 501),
(10, NULL, NULL, NULL, NULL, NULL, NULL, NULL, NULL, NULL, NULL, NULL, NULL, NULL, NULL, NULL, NULL, NULL, NULL, NULL, NULL, NULL, NULL, NULL),
(11, 4511, 4, 1260, 1880, 1367, 0, 369, 80, 3353, 690, 433, 257, 844, 73, 282, 551, 913, 1363, NULL, 381, 83, 883, 166),
(12, 6110, 0, 1132, 1845, 3132, 1, 366, 31, 2903, 733, 533, 200, 542, 29, 80, 523, 996, 1733, NULL, 416, 67, 1447, 453),
(13, 10084, 3, 2918, 4170, 2991, 2, 904, 242, 6288, 1282, 804, 478, 1363, 122, 595, 1224, 1702, 2829, NULL, 1315, 412, 2984, 671),
(14, 15582, 4, 3185, 6247, 6140, 6, 1026, 290, 7783, 1671, 1235, 436, 2193, 106, 470, 1242, 2101, 3433, NULL, 2322, 324, 4054, 940),
(15, 3350, 2, 1141, 1035, 1171, 1, 276, 63, 2452, 550, 378, 172, 493, 32, 192, 433, 752, 984, NULL, 441, 66, 897, 174),
(16, 52303, 27, 16380, 21077, 14819, 0, 3792, 4123, 61384, 11854, 8773, 3081, 21712, 2676, 5374, 6067, 13701, 11739, NULL, 16694, 1641, 12894, 2644),
(17, 21060, 14, 5231, 9237, 6566, 12, 1792, 935, 16550, 4141, 3046, 1095, 4556, 497, 839, 2115, 4402, 6331, NULL, 1878, 823, 7541, 1972),
(18, 13599, 4, 4136, 5659, 3797, 3, 1161, 247, 7732, 1891, 1323, 568, 1632, 145, 546, 1581, 1937, 3284, NULL, 1578, 469, 4410, 662),
(19, NULL, NULL, NULL, NULL, NULL, NULL, NULL, NULL, NULL, NULL, NULL, NULL, NULL, NULL, NULL, NULL, NULL, NULL, NULL, NULL, NULL, NULL, NULL),
(20, 6337, 1, 1798, 2934, 1600, 4, 450, 127, 5352, 884, 618, 266, 1324, 95, 383, 1216, 1450, 1744, NULL, 841, 145, 1416, 427),
(21, NULL, NULL, NULL, NULL, NULL, NULL, NULL, NULL, NULL, NULL, NULL, NULL, NULL, NULL, NULL, NULL, NULL, NULL, NULL, NULL, NULL, NULL, NULL),
(22, 17924, 4, 3982, 7952, 5977, 9, 1243, 265, 8393, 1592, 1174, 418, 2000, 133, 308, 1814, 2546, 4415, NULL, 1203, 381, 3507, 1279),
(23, 12727, 8, 3267, 4904, 4540, 8, 899, 198, 7434, 2092, 1433, 659, 1326, 138, 300, 1213, 2365, 3479, NULL, 806, 304, 2272, 731),
(24, 7841, 3, 2601, 2448, 2785, 4, 584, 167, 4975, 1023, 684, 339, 1341, 137, 273, 718, 1483, 2258, NULL, 918, 186, 2840, 534),
(25, 4362, 4, 1207, 1673, 1478, 0, 400, 52, 3003, 738, 498, 240, 514, 22, 202, 700, 827, 1323, NULL, 505, 133, 1097, 293),
(26, 65, 0, 15, 36, 14, 0, 6, 8, 309, 53, 3, 50, 15, 30, 62, 110, 39, 28, NULL, 104, 14, 44, 53),
(27, 11820, 5, 3165, 4807, 3828, 15, 741, 225, 5772, 1441, 1099, 342, 1348, 160, 277, 1143, 1403, 2913, NULL, 3419, 308, 3377, 677),
(28, 6102, 2, 1488, 2640, 1970, 2, 582, 69, 2940, 596, 411, 185, 429, 72, 186, 621, 1036, 1604, NULL, 822, 148, 1869, 482),
(29, 6155, 7, 1609, 2470, 2069, 0, 536, 155, 3248, 732, 495, 237, 822, 34, 151, 562, 947, 1383, NULL, 486, 157, 1189, 360),
(30, 10512, 5, 2657, 3768, 4082, 0, 892, 145, 6979, 995, 710, 285, 1505, 156, 457, 1423, 2443, 4103, NULL, 846, 275, 4424, 944),
(31, 3595, 2, 1248, 1310, 1025, 10, 349, 44, 2337, 515, 309, 206, 377, 24, 218, 492, 711, 1060, NULL, 538, 111, 830, 267),
(32, 7139, 0, 2443, 2339, 2355, 2, 567, 170, 5816, 1225, 860, 365, 1207, 154, 261, 1418, 1551, 2294, NULL, 1145, 225, 1862, 782),
(33, NULL, NULL, NULL, NULL, NULL, NULL, NULL, NULL, NULL, NULL, NULL, NULL, NULL, NULL, NULL, NULL, NULL, NULL, NULL, NULL, NULL, NULL, NULL),
(34, NULL, NULL, NULL, NULL, NULL, NULL, NULL, NULL, NULL, NULL, NULL, NULL, NULL, NULL, NULL, NULL, NULL, NULL, NULL, NULL, NULL, NULL, NULL),
(35, NULL, NULL, NULL, NULL, NULL, NULL, NULL, NULL, NULL, NULL, NULL, NULL, NULL, NULL, NULL, NULL, NULL, NULL, NULL, NULL, NULL, NULL, NULL),
(36, 10800, 1, 2487, 4592, 3720, 0, 882, 365, 7343, 1620, 1153, 467, 1587, 130, 597, 1320, 2089, 3040, NULL, 1046, 247, 4741, 630),
(37, 11201, 7, 2931, 3553, 4708, 2, 792, 287, 7707, 2207, 1528, 679, 1876, 129, 215, 1184, 2096, 3415, NULL, 1086, 361, 3891, 1209),
(38, 7564, 5, 1710, 2843, 3006, 0, 690, 112, 4026, 797, 491, 306, 812, 87, 187, 765, 1378, 1875, NULL, 571, 138, 1181, 448),
(39, 5021, 3, 1238, 2142, 1637, 1, 474, 73, 2560, 652, 444, 208, 470, 54, 159, 363, 862, 1294, NULL, 540, 101, 1358, 290),
(40, 5919, 3, 1496, 2549, 1868, 3, 427, 118, 4051, 812, 592, 220, 1203, 39, 276, 594, 1127, 1949, NULL, 936, 183, 2280, 385),
(41, NULL, NULL, NULL, NULL, NULL, NULL, NULL, NULL, NULL, NULL, NULL, NULL, NULL, NULL, NULL, NULL, NULL, NULL, NULL, NULL, NULL, NULL, NULL),
(42, 3626, 2, 979, 1371, 1273, 1, 310, 74, 2689, 548, 388, 160, 749, 40, 108, 538, 706, 804, NULL, 366, 137, 771, 251),
(43, 24499, 10, 7480, 9175, 7831, 3, 1559, 1212, 14853, 3888, 2850, 1038, 4857, 270, 495, 1991, 3352, 3075, NULL, 1425, 617, 5566, 1182),
(44, NULL, NULL, NULL, NULL, NULL, NULL, NULL, NULL, NULL, NULL, NULL, NULL, NULL, NULL, NULL, NULL, NULL, NULL, NULL, NULL, NULL, NULL, NULL),
(45, 25378, 5, 5525, 9368, 10466, 14, 1679, 485, 12678, 3300, 2425, 875, 2997, 300, 466, 1837, 3778, 5883, NULL, 2428, 485, 8428, 1805),
(46, 3566, 2, 1177, 1512, 875, 0, 295, 52, 1978, 412, 277, 135, 373, 32, 142, 435, 584, 775, NULL, 468, 68, 859, 229),
(47, NULL, NULL, NULL, NULL, NULL, NULL, NULL, NULL, NULL, NULL, NULL, NULL, NULL, NULL, NULL, NULL, NULL, NULL, NULL, NULL, NULL, NULL, NULL),
(48, NULL, NULL, NULL, NULL, NULL, NULL, NULL, NULL, NULL, NULL, NULL, NULL, NULL, NULL, NULL, NULL, NULL, NULL, NULL, NULL, NULL, NULL, NULL);

-- --------------------------------------------------------

--
-- Table structure for table `countycrimetotal`
--

CREATE TABLE `countycrimetotal` (
  `County_ID` int(11) NOT NULL,
  `Total_crimes` int(11) DEFAULT NULL
) ENGINE=InnoDB DEFAULT CHARSET=utf8mb4;

--
-- Dumping data for table `countycrimetotal`
--

INSERT INTO `countycrimetotal` (`County_ID`, `Total_crimes`) VALUES
(1, 53785),
(2, NULL),
(3, NULL),
(4, NULL),
(5, 14194),
(6, 19642),
(7, NULL),
(8, 7568),
(9, 17604),
(10, NULL),
(11, 11189),
(12, 13526),
(13, 25729),
(14, 35754),
(15, 8703),
(16, 167214),
(17, 58882),
(18, 33142),
(19, NULL),
(20, 16839),
(21, NULL),
(22, 38610),
(23, 28850),
(24, 20303),
(25, 11168),
(26, 631),
(27, 29252),
(28, 14618),
(29, 13669),
(30, 29120),
(31, 9131),
(32, 20000),
(33, NULL),
(34, NULL),
(35, NULL),
(36, 29094),
(37, 29949),
(38, 16605),
(39, 11711),
(40, 16248),
(41, NULL),
(42, 9028),
(43, 53988),
(44, NULL),
(45, 59249),
(46, 8290),
(47, NULL),
(48, NULL);

-- --------------------------------------------------------

--
-- Table structure for table `countyname`
--

CREATE TABLE `countyname` (
  `County_ID` int(11) NOT NULL,
  `County_Name` varchar(18) NOT NULL
) ENGINE=InnoDB DEFAULT CHARSET=utf8mb4;

--
-- Dumping data for table `countyname`
--

INSERT INTO `countyname` (`County_ID`, `County_Name`) VALUES
(1, 'Bedfordshire'),
(2, 'Berkshire'),
(3, 'Bristol'),
(4, 'Buckinghamshire'),
(5, 'Cambridgeshire'),
(6, 'Cheshire'),
(7, 'Cornwall'),
(8, 'Cumbria'),
(9, 'Derbyshire'),
(10, 'Devon'),
(11, 'Dorset'),
(12, 'Durham'),
(13, 'East Sussex'),
(14, 'Essex'),
(15, 'Gloucestershire'),
(16, 'Greater London'),
(17, 'Greater Manchester'),
(18, 'Hampshire'),
(19, 'Herefordshire'),
(20, 'Hertfordshire'),
(21, 'Isle of Wight'),
(22, 'Kent'),
(23, 'Lancashire'),
(24, 'Leicestershire'),
(25, 'Lincolnshire'),
(26, 'City of London'),
(27, 'Merseyside'),
(28, 'Norfolk'),
(29, 'Northamptonshire'),
(30, 'Northumberland'),
(31, 'North Yorkshire'),
(32, 'Nottinghamshire'),
(33, 'Oxfordshire'),
(34, 'Rutland'),
(35, 'Shropshire'),
(36, 'Somerset'),
(37, 'South Yorkshire'),
(38, 'Staffordshire'),
(39, 'Suffolk'),
(40, 'Surrey'),
(41, 'Tyne and Wear'),
(42, 'Warwickshire'),
(43, 'West Midlands'),
(44, 'West Sussex'),
(45, 'West Yorkshire'),
(46, 'Wiltshire'),
(47, 'Worcestershire'),
(48, 'Yorkshire');

-- --------------------------------------------------------

--
-- Table structure for table `countyregion`
--

CREATE TABLE `countyregion` (
  `County_ID` int(11) NOT NULL,
  `Region_ID` int(11) NOT NULL
) ENGINE=InnoDB DEFAULT CHARSET=utf8mb4;

--
-- Dumping data for table `countyregion`
--

INSERT INTO `countyregion` (`County_ID`, `Region_ID`) VALUES
(1, 6),
(2, 8),
(3, 9),
(4, 8),
(5, 6),
(6, 5),
(7, 9),
(8, 2),
(9, 5),
(10, 9),
(11, 9),
(12, 1),
(13, 8),
(14, 6),
(15, 9),
(16, 7),
(17, 2),
(18, 8),
(19, 5),
(20, 6),
(21, 8),
(22, 8),
(23, 2),
(24, 4),
(25, 3),
(26, 7),
(27, 2),
(28, 6),
(29, 4),
(30, 1),
(31, 3),
(32, 4),
(33, 8),
(34, 4),
(35, 5),
(36, 9),
(37, 3),
(38, 5),
(39, 6),
(40, 8),
(41, 1),
(42, 5),
(43, 5),
(44, 8),
(45, 3),
(46, 9),
(47, 5),
(48, 3);

-- --------------------------------------------------------

--
-- Table structure for table `countytotalpop`
--

CREATE TABLE `countytotalpop` (
  `County_ID` int(11) NOT NULL,
  `County_TotalPop` varchar(18) NOT NULL
) ENGINE=InnoDB DEFAULT CHARSET=utf8mb4;

--
-- Dumping data for table `countytotalpop`
--

INSERT INTO `countytotalpop` (`County_ID`, `County_TotalPop`) VALUES
(1, '294096'),
(2, '158465'),
(3, '465866'),
(4, '547060'),
(5, '657204'),
(6, '386667'),
(7, '573299'),
(8, '499781'),
(9, '807183'),
(10, '810716'),
(11, '379791'),
(12, '533149'),
(13, '558852'),
(14, '1497759'),
(15, '640650'),
(16, '9540576'),
(17, '2848286'),
(18, '1389206'),
(19, '193615'),
(20, '1195672'),
(21, '142296'),
(22, '1589057'),
(23, '1227076'),
(24, '354036'),
(25, '766333'),
(26, '10938'),
(27, '1434256'),
(28, '914039'),
(29, '350448'),
(30, '323820'),
(31, '620610'),
(32, '833377'),
(33, '696880'),
(34, '40476'),
(35, '325415'),
(36, '563851'),
(37, '1415054'),
(38, '883172'),
(39, '761246'),
(40, '1199870'),
(41, '1146624'),
(42, '583786'),
(43, '2939927'),
(44, '867635'),
(45, '2345235'),
(46, '504070'),
(47, '598070'),
(48, '343201');

-- --------------------------------------------------------

--
-- Table structure for table `regionagebreakdown`
--

CREATE TABLE `regionagebreakdown` (
  `Region_ID` int(11) NOT NULL,
  `Age0` int(11) NOT NULL,
  `Age1` int(11) NOT NULL,
  `Age2` int(11) NOT NULL,
  `Age3` int(11) NOT NULL,
  `Age4` int(11) NOT NULL,
  `Age5` int(11) NOT NULL,
  `Age6` int(11) NOT NULL,
  `Age7` int(11) NOT NULL,
  `Age8` int(11) NOT NULL,
  `Age9` int(11) NOT NULL,
  `Age10` int(11) NOT NULL,
  `Age11` int(11) NOT NULL,
  `Age12` int(11) NOT NULL,
  `Age13` int(11) NOT NULL,
  `Age14` int(11) NOT NULL,
  `Age15` int(11) NOT NULL,
  `Age16` int(11) NOT NULL,
  `Age17` int(11) NOT NULL,
  `Age18` int(11) NOT NULL,
  `Age19` int(11) NOT NULL,
  `Age20` int(11) NOT NULL,
  `Age21` int(11) NOT NULL,
  `Age22` int(11) NOT NULL,
  `Age23` int(11) NOT NULL,
  `Age24` int(11) NOT NULL,
  `Age25` int(11) NOT NULL,
  `Age26` int(11) NOT NULL,
  `Age27` int(11) NOT NULL,
  `Age28` int(11) NOT NULL,
  `Age29` int(11) NOT NULL,
  `Age30` int(11) NOT NULL,
  `Age31` int(11) NOT NULL,
  `Age32` int(11) NOT NULL,
  `Age33` int(11) NOT NULL,
  `Age34` int(11) NOT NULL,
  `Age35` int(11) NOT NULL,
  `Age36` int(11) NOT NULL,
  `Age37` int(11) NOT NULL,
  `Age38` int(11) NOT NULL,
  `Age39` int(11) NOT NULL,
  `Age40` int(11) NOT NULL,
  `Age41` int(11) NOT NULL,
  `Age42` int(11) NOT NULL,
  `Age43` int(11) NOT NULL,
  `Age44` int(11) NOT NULL,
  `Age45` int(11) NOT NULL,
  `Age46` int(11) NOT NULL,
  `Age47` int(11) NOT NULL,
  `Age48` int(11) NOT NULL,
  `Age49` int(11) NOT NULL,
  `Age50` int(11) NOT NULL,
  `Age51` int(11) NOT NULL,
  `Age52` int(11) NOT NULL,
  `Age53` int(11) NOT NULL,
  `Age54` int(11) NOT NULL,
  `Age55` int(11) NOT NULL,
  `Age56` int(11) NOT NULL,
  `Age57` int(11) NOT NULL,
  `Age58` int(11) NOT NULL,
  `Age59` int(11) NOT NULL,
  `Age60` int(11) NOT NULL,
  `Age61` int(11) NOT NULL,
  `Age62` int(11) NOT NULL,
  `Age63` int(11) NOT NULL,
  `Age64` int(11) NOT NULL,
  `Age65` int(11) NOT NULL,
  `Age66` int(11) NOT NULL,
  `Age67` int(11) NOT NULL,
  `Age68` int(11) NOT NULL,
  `Age69` int(11) NOT NULL,
  `Age70` int(11) NOT NULL,
  `Age71` int(11) NOT NULL,
  `Age72` int(11) NOT NULL,
  `Age73` int(11) NOT NULL,
  `Age74` int(11) NOT NULL,
  `Age75` int(11) NOT NULL,
  `Age76` int(11) NOT NULL,
  `Age77` int(11) NOT NULL,
  `Age78` int(11) NOT NULL,
  `Age79` int(11) NOT NULL,
  `Age80` int(11) NOT NULL,
  `Age81` int(11) NOT NULL,
  `Age82` int(11) NOT NULL,
  `Age83` int(11) NOT NULL,
  `Age84` int(11) NOT NULL,
  `Age85` int(11) NOT NULL,
  `Age86` int(11) NOT NULL,
  `Age87` int(11) NOT NULL,
  `Age88` int(11) NOT NULL,
  `Age89` int(11) NOT NULL,
  `Over90` int(11) NOT NULL
) ENGINE=InnoDB DEFAULT CHARSET=utf8mb4;

--
-- Dumping data for table `regionagebreakdown`
--

INSERT INTO `regionagebreakdown` (`Region_ID`, `Age0`, `Age1`, `Age2`, `Age3`, `Age4`, `Age5`, `Age6`, `Age7`, `Age8`, `Age9`, `Age10`, `Age11`, `Age12`, `Age13`, `Age14`, `Age15`, `Age16`, `Age17`, `Age18`, `Age19`, `Age20`, `Age21`, `Age22`, `Age23`, `Age24`, `Age25`, `Age26`, `Age27`, `Age28`, `Age29`, `Age30`, `Age31`, `Age32`, `Age33`, `Age34`, `Age35`, `Age36`, `Age37`, `Age38`, `Age39`, `Age40`, `Age41`, `Age42`, `Age43`, `Age44`, `Age45`, `Age46`, `Age47`, `Age48`, `Age49`, `Age50`, `Age51`, `Age52`, `Age53`, `Age54`, `Age55`, `Age56`, `Age57`, `Age58`, `Age59`, `Age60`, `Age61`, `Age62`, `Age63`, `Age64`, `Age65`, `Age66`, `Age67`, `Age68`, `Age69`, `Age70`, `Age71`, `Age72`, `Age73`, `Age74`, `Age75`, `Age76`, `Age77`, `Age78`, `Age79`, `Age80`, `Age81`, `Age82`, `Age83`, `Age84`, `Age85`, `Age86`, `Age87`, `Age88`, `Age89`, `Over90`) VALUES
(1, 25311, 26882, 27877, 28895, 29813, 29512, 30386, 31170, 32135, 32174, 31686, 30906, 31329, 30258, 30424, 28652, 28362, 27866, 28328, 33383, 35284, 36140, 35693, 34704, 34348, 34051, 35187, 35692, 37513, 37376, 35409, 34327, 34349, 33447, 34356, 33596, 32214, 32390, 31974, 32209, 32440, 31195, 28175, 27343, 28938, 29171, 29789, 31856, 34635, 36572, 35223, 35714, 36388, 37571, 38163, 39187, 38652, 38852, 38314, 36658, 35494, 35760, 35487, 33725, 32222, 30802, 30557, 30112, 28805, 28903, 29297, 29715, 30809, 33023, 24663, 23451, 22422, 19734, 17906, 16386, 16625, 16170, 15310, 14109, 12247, 11364, 9734, 8646, 7607, 6658, 22576),
(2, 78513, 82043, 84077, 87364, 89807, 89619, 90532, 91422, 94123, 92572, 90601, 89737, 90742, 88109, 87056, 83873, 81788, 79603, 79779, 84030, 87983, 92353, 92352, 95875, 95488, 94712, 96773, 98429, 102627, 104380, 101024, 98784, 98796, 94940, 96272, 96356, 93245, 93610, 92593, 91723, 92217, 87817, 81509, 79590, 82725, 84663, 86766, 91387, 97497, 101540, 99197, 102613, 101556, 102922, 102188, 104047, 103123, 100892, 100112, 95685, 91361, 88944, 87031, 84015, 79958, 76407, 76196, 75518, 72600, 73550, 74408, 75600, 79749, 85644, 62977, 59784, 59510, 54499, 48589, 43784, 43347, 41425, 39184, 35307, 32111, 28595, 24653, 21660, 19529, 16974, 62796),
(3, 57578, 59862, 62522, 65154, 66401, 66707, 66852, 68526, 70448, 68708, 68755, 68249, 68049, 65911, 65431, 62769, 61786, 60655, 60944, 67701, 73387, 75007, 74578, 74649, 73281, 71357, 74016, 75891, 77226, 77131, 73757, 71262, 73286, 70102, 70448, 70141, 68790, 68037, 68025, 68556, 68368, 65271, 60040, 59014, 61949, 63214, 64777, 68814, 72719, 76350, 74494, 75629, 75875, 76334, 75692, 76179, 76048, 74582, 73068, 70589, 68211, 66119, 65501, 62686, 60578, 57274, 57871, 56737, 54526, 55251, 55394, 56588, 59617, 64056, 47725, 46341, 44616, 40537, 35215, 31756, 32598, 31068, 29781, 27118, 24853, 22259, 19475, 16816, 14755, 13014, 47073),
(4, 48182, 50318, 52889, 54963, 57282, 57430, 57612, 58977, 61102, 60264, 58932, 58006, 59155, 57127, 56357, 53722, 53624, 51953, 52973, 63749, 67048, 66269, 62427, 60960, 59426, 59728, 62382, 62244, 63159, 64365, 62568, 60682, 60728, 58985, 59658, 60002, 58724, 59511, 58558, 59588, 60676, 57607, 53540, 52895, 55145, 56991, 58685, 62358, 65496, 68727, 65809, 69120, 68652, 69516, 69490, 70370, 69007, 67738, 65960, 63980, 61064, 59323, 57975, 55399, 53774, 51710, 52641, 51858, 50571, 50722, 51675, 52375, 55225, 58794, 44683, 43263, 43046, 38308, 32948, 28763, 28698, 28150, 26088, 23637, 21288, 19314, 16929, 14955, 13553, 11667, 43796),
(5, 65016, 67572, 70187, 72616, 73866, 73507, 75070, 76960, 78156, 76524, 74680, 74840, 75579, 73145, 72287, 70581, 69045, 66699, 66786, 70690, 73999, 76141, 77683, 79999, 79980, 80069, 81611, 80768, 83244, 85030, 82012, 79824, 78490, 77369, 77249, 76471, 74143, 74992, 73616, 74171, 75379, 70982, 65959, 65336, 67359, 68660, 70705, 74141, 78221, 80940, 79636, 81124, 80736, 80948, 81392, 80884, 79789, 77829, 77080, 73508, 69119, 67773, 65978, 63543, 61240, 59663, 60199, 59380, 57099, 56739, 57955, 59138, 60684, 64103, 50654, 50337, 50709, 46097, 40255, 35311, 35199, 34054, 31939, 29906, 26563, 23749, 20451, 18400, 16670, 14308, 53439),
(6, 66840, 69408, 73085, 75231, 77973, 77425, 78279, 79895, 81579, 80625, 79819, 78599, 78781, 75495, 73852, 71072, 70566, 67848, 66001, 59658, 59586, 63645, 67613, 72026, 72647, 71366, 74133, 72572, 73779, 76245, 77136, 78640, 81212, 79762, 80604, 80254, 79162, 79797, 81867, 82475, 83033, 80465, 75299, 74875, 76000, 78185, 79194, 82226, 85066, 87547, 85355, 87909, 87947, 89145, 89857, 89082, 87903, 85698, 83390, 80715, 76253, 74627, 73225, 70371, 67980, 65350, 65923, 64640, 62955, 63081, 64334, 66259, 70830, 78595, 58748, 55761, 54634, 49961, 43264, 37057, 38349, 37470, 35429, 33006, 29991, 27580, 24244, 21369, 19636, 17137, 65659),
(7, 115245, 116979, 119607, 121178, 122790, 120988, 120075, 122677, 125200, 117393, 114196, 111526, 111947, 108425, 104659, 100322, 97634, 96754, 92855, 86891, 88563, 95773, 108966, 125734, 137558, 143752, 148014, 150226, 155293, 160563, 161864, 164327, 167537, 163383, 164973, 162737, 156786, 155913, 153029, 151469, 148027, 142045, 133245, 128926, 125220, 122441, 120108, 119078, 118962, 117946, 115922, 115029, 114370, 112893, 111724, 108924, 107054, 102375, 97182, 93187, 89647, 84731, 80776, 76828, 73594, 69470, 66040, 63250, 60684, 58698, 58124, 57109, 57299, 59413, 48487, 44594, 43019, 40209, 36190, 32407, 33782, 32593, 30682, 27909, 26014, 23600, 20651, 18566, 16592, 14399, 58672),
(8, 93502, 97970, 102746, 106525, 110846, 111754, 112354, 115259, 119819, 119748, 118394, 116208, 117297, 114345, 111338, 106310, 105544, 102651, 100347, 99403, 100263, 105884, 106852, 109154, 107483, 106118, 107444, 106269, 108906, 110737, 110290, 108765, 110645, 109521, 112066, 113492, 112666, 115921, 118154, 121063, 122331, 119734, 113805, 112892, 113365, 117555, 119485, 124084, 127348, 131288, 126899, 130308, 130322, 133189, 132354, 133595, 131224, 127799, 122741, 118542, 112980, 110445, 107405, 102817, 98701, 95350, 94105, 92583, 89693, 90496, 92527, 96042, 101699, 111274, 84944, 80572, 79270, 72741, 63010, 54415, 56252, 54649, 51168, 47360, 43816, 39321, 34922, 31614, 28686, 25482, 100013),
(9, 51726, 54442, 57236, 59090, 62038, 62248, 63574, 65054, 67986, 67038, 66024, 64802, 65942, 63958, 62621, 60455, 59674, 58996, 58598, 64951, 67042, 68275, 68052, 67299, 65053, 63958, 66349, 65099, 66766, 68943, 67904, 68127, 68133, 66444, 65195, 65906, 65304, 65738, 65998, 67243, 67412, 65032, 60684, 60337, 62107, 64421, 66722, 70731, 74491, 77087, 76370, 78269, 78237, 81598, 81672, 82031, 82520, 80258, 79092, 76337, 73833, 72697, 71518, 69509, 66596, 65117, 66376, 65766, 64364, 64668, 66345, 67936, 71996, 77950, 59666, 57752, 56216, 51620, 45035, 38698, 38928, 37502, 35257, 32711, 29546, 27276, 23951, 21835, 19469, 17278, 67043);

-- --------------------------------------------------------

--
-- Table structure for table `regioncrimebreakdown`
--

CREATE TABLE `regioncrimebreakdown` (
  `Region_ID` int(11) NOT NULL,
  `Violence_against_the_person` int(11) NOT NULL,
  `Homicide` int(11) NOT NULL,
  `Violence_with_injury` int(11) NOT NULL,
  `Violence_without_injury` int(11) NOT NULL,
  `Stalking_and_harassment4` int(11) NOT NULL,
  `Death_or_serious_injury_unlawful_driving` int(11) NOT NULL,
  `Sexual_offences` int(11) NOT NULL,
  `Robbery` int(11) NOT NULL,
  `Theft_offences` int(11) NOT NULL,
  `Burglary` int(11) NOT NULL,
  `Residential_burglary5` int(11) NOT NULL,
  `Nonresidential_burglary5` int(11) NOT NULL,
  `Vehicle_offences` int(11) NOT NULL,
  `Theft_from_the_person` int(11) NOT NULL,
  `Bicycle_theft` int(11) NOT NULL,
  `Shoplifting` int(11) NOT NULL,
  `Other_theft_offences` int(11) NOT NULL,
  `Criminal_damage_and_arson` int(11) NOT NULL,
  `FIELD20` varchar(30) DEFAULT NULL,
  `Drug_offences` int(11) NOT NULL,
  `Possession_of_weapons_offences` int(11) NOT NULL,
  `Public_order_offences` int(11) NOT NULL,
  `Miscellaneous_crimes` int(11) NOT NULL
) ENGINE=InnoDB DEFAULT CHARSET=utf8mb4;

--
-- Dumping data for table `regioncrimebreakdown`
--

INSERT INTO `regioncrimebreakdown` (`Region_ID`, `Violence_against_the_person`, `Homicide`, `Violence_with_injury`, `Violence_without_injury`, `Stalking_and_harassment4`, `Death_or_serious_injury_unlawful_driving`, `Sexual_offences`, `Robbery`, `Theft_offences`, `Burglary`, `Residential_burglary5`, `Nonresidential_burglary5`, `Vehicle_offences`, `Theft_from_the_person`, `Bicycle_theft`, `Shoplifting`, `Other_theft_offences`, `Criminal_damage_and_arson`, `FIELD20`, `Drug_offences`, `Possession_of_weapons_offences`, `Public_order_offences`, `Miscellaneous_crimes`) VALUES
(1, 94697, 27, 24017, 34642, 35996, 15, 7833, 1618, 78416, 15346, 10758, 4588, 14620, 1929, 2680, 20852, 22989, 37949, NULL, 6712, 1984, 29459, 7103),
(2, 243216, 114, 67484, 101174, 74289, 155, 20192, 8977, 209713, 50300, 36139, 14161, 48878, 10153, 7878, 37565, 54939, 74354, NULL, 24929, 6558, 72484, 14741),
(3, 204090, 61, 55941, 76877, 71076, 135, 16619, 5690, 171497, 42808, 30790, 12018, 38930, 5394, 5503, 36126, 42736, 61628, NULL, 15720, 4700, 59967, 15224),
(4, 140516, 51, 43830, 55475, 41092, 68, 12804, 3898, 123918, 26556, 17916, 8640, 29823, 3455, 5729, 26363, 31992, 43017, NULL, 14061, 3848, 33846, 9840),
(5, 173618, 83, 55878, 67081, 50515, 61, 14766, 8982, 152412, 35704, 25925, 9779, 43160, 4036, 4319, 28610, 36583, 43800, NULL, 11572, 4932, 31603, 8432),
(6, 176596, 100, 44883, 80333, 51152, 128, 15869, 4636, 152145, 29247, 20623, 8624, 37859, 4598, 10472, 31127, 38842, 51404, NULL, 18421, 4219, 44441, 11327),
(7, 218842, 130, 72707, 91208, 54797, 0, 18858, 34177, 400235, 70369, 51988, 18381, 119435, 42551, 19420, 41046, 107414, 52714, NULL, 54561, 6804, 53034, 11185),
(8, 258012, 85, 75314, 114710, 67781, 122, 23417, 6280, 225596, 43354, 30212, 13142, 55129, 7036, 12760, 47441, 59876, 78095, NULL, 23510, 7720, 61266, 15826),
(9, 134285, 38, 43405, 54147, 36639, 56, 12638, 3422, 109709, 22369, 13746, 8623, 23177, 2804, 6133, 23652, 31574, 44797, NULL, 12732, 3017, 36081, 6298);

-- --------------------------------------------------------

--
-- Table structure for table `regioncrimetotal`
--

CREATE TABLE `regioncrimetotal` (
  `Region_ID` int(11) NOT NULL,
  `Total_recorded_crime_excluding_fraud3` int(11) NOT NULL
) ENGINE=InnoDB DEFAULT CHARSET=utf8mb4;

--
-- Dumping data for table `regioncrimetotal`
--

INSERT INTO `regioncrimetotal` (`Region_ID`, `Total_recorded_crime_excluding_fraud3`) VALUES
(1, 265771),
(2, 675164),
(3, 555135),
(4, 385748),
(5, 450117),
(6, 479058),
(7, 850410),
(8, 699722),
(9, 362979);

-- --------------------------------------------------------

--
-- Table structure for table `regionname`
--

CREATE TABLE `regionname` (
  `Region_ID` int(11) NOT NULL,
  `Region_name` varchar(24) NOT NULL
) ENGINE=InnoDB DEFAULT CHARSET=utf8mb4;

--
-- Dumping data for table `regionname`
--

INSERT INTO `regionname` (`Region_ID`, `Region_name`) VALUES
(1, 'North East'),
(2, 'North west'),
(3, 'Yorkshire and the Humber'),
(4, 'East Midlands'),
(5, 'West Midlands'),
(6, 'East'),
(7, 'London'),
(8, 'South East'),
(9, 'South West');

-- --------------------------------------------------------

--
-- Table structure for table `regionpopdensity`
--

CREATE TABLE `regionpopdensity` (
  `Region_ID` int(11) NOT NULL,
  `Region_Population_Density` int(11) NOT NULL
) ENGINE=InnoDB DEFAULT CHARSET=utf8mb4;

--
-- Dumping data for table `regionpopdensity`
--

INSERT INTO `regionpopdensity` (`Region_ID`, `Region_Population_Density`) VALUES
(1, 312),
(2, 522),
(3, 359),
(4, 311),
(5, 459),
(6, 328),
(7, 5727),
(8, 483),
(9, 237);

-- --------------------------------------------------------

--
-- Table structure for table `regiontotalpop`
--

CREATE TABLE `regiontotalpop` (
  `Region_ID` int(11) NOT NULL,
  `Region_Population` int(11) NOT NULL
) ENGINE=InnoDB DEFAULT CHARSET=utf8mb4;

--
-- Dumping data for table `regiontotalpop`
--

INSERT INTO `regiontotalpop` (`Region_ID`, `Region_Population`) VALUES
(1, 2680763),
(2, 7367456),
(3, 5526350),
(4, 4865583),
(5, 5961929),
(6, 6269161),
(7, 9002488),
(8, 9217265),
(9, 5659143);

-- --------------------------------------------------------

--
-- Table structure for table `regiontotalspending`
--

CREATE TABLE `regiontotalspending` (
  `Region_ID` int(11) NOT NULL,
  `Total_Spending_Millions` int(11) NOT NULL
) ENGINE=InnoDB DEFAULT CHARSET=utf8mb4;

--
-- Dumping data for table `regiontotalspending`
--

INSERT INTO `regiontotalspending` (`Region_ID`, `Total_Spending_Millions`) VALUES
(1, 36138),
(2, 100624),
(3, 69839),
(4, 58937),
(5, 76558),
(6, 78254),
(7, 139452),
(8, 113395),
(9, 71347);

--
-- Indexes for dumped tables
--

--
-- Indexes for table `countyagebreakdown`
--
ALTER TABLE `countyagebreakdown`
  ADD PRIMARY KEY (`County_ID`);

--
-- Indexes for table `countycrimebreakdown`
--
ALTER TABLE `countycrimebreakdown`
  ADD PRIMARY KEY (`County_ID`);

--
-- Indexes for table `countycrimetotal`
--
ALTER TABLE `countycrimetotal`
  ADD PRIMARY KEY (`County_ID`);

--
-- Indexes for table `countyname`
--
ALTER TABLE `countyname`
  ADD PRIMARY KEY (`County_ID`);

--
-- Indexes for table `countyregion`
--
ALTER TABLE `countyregion`
  ADD PRIMARY KEY (`County_ID`);

--
-- Indexes for table `countytotalpop`
--
ALTER TABLE `countytotalpop`
  ADD PRIMARY KEY (`County_ID`);

--
-- Indexes for table `regionagebreakdown`
--
ALTER TABLE `regionagebreakdown`
  ADD PRIMARY KEY (`Region_ID`);

--
-- Indexes for table `regioncrimebreakdown`
--
ALTER TABLE `regioncrimebreakdown`
  ADD PRIMARY KEY (`Region_ID`);

--
-- Indexes for table `regioncrimetotal`
--
ALTER TABLE `regioncrimetotal`
  ADD PRIMARY KEY (`Region_ID`);

--
-- Indexes for table `regionname`
--
ALTER TABLE `regionname`
  ADD PRIMARY KEY (`Region_ID`);

--
-- Indexes for table `regionpopdensity`
--
ALTER TABLE `regionpopdensity`
  ADD PRIMARY KEY (`Region_ID`);

--
-- Indexes for table `regiontotalpop`
--
ALTER TABLE `regiontotalpop`
  ADD PRIMARY KEY (`Region_ID`);

--
-- Indexes for table `regiontotalspending`
--
ALTER TABLE `regiontotalspending`
  ADD PRIMARY KEY (`Region_ID`);

--
-- AUTO_INCREMENT for dumped tables
--

--
-- AUTO_INCREMENT for table `countyagebreakdown`
--
ALTER TABLE `countyagebreakdown`
  MODIFY `County_ID` int(11) NOT NULL AUTO_INCREMENT, AUTO_INCREMENT=55;

--
-- AUTO_INCREMENT for table `countycrimebreakdown`
--
ALTER TABLE `countycrimebreakdown`
  MODIFY `County_ID` int(11) NOT NULL AUTO_INCREMENT, AUTO_INCREMENT=49;

--
-- AUTO_INCREMENT for table `countycrimetotal`
--
ALTER TABLE `countycrimetotal`
  MODIFY `County_ID` int(11) NOT NULL AUTO_INCREMENT, AUTO_INCREMENT=49;

--
-- AUTO_INCREMENT for table `countyname`
--
ALTER TABLE `countyname`
  MODIFY `County_ID` int(11) NOT NULL AUTO_INCREMENT, AUTO_INCREMENT=49;

--
-- AUTO_INCREMENT for table `countyregion`
--
ALTER TABLE `countyregion`
  MODIFY `County_ID` int(11) NOT NULL AUTO_INCREMENT, AUTO_INCREMENT=49;

--
-- AUTO_INCREMENT for table `countytotalpop`
--
ALTER TABLE `countytotalpop`
  MODIFY `County_ID` int(11) NOT NULL AUTO_INCREMENT, AUTO_INCREMENT=49;

--
-- AUTO_INCREMENT for table `regionagebreakdown`
--
ALTER TABLE `regionagebreakdown`
  MODIFY `Region_ID` int(11) NOT NULL AUTO_INCREMENT, AUTO_INCREMENT=10;

--
-- AUTO_INCREMENT for table `regioncrimebreakdown`
--
ALTER TABLE `regioncrimebreakdown`
  MODIFY `Region_ID` int(11) NOT NULL AUTO_INCREMENT, AUTO_INCREMENT=10;

--
-- AUTO_INCREMENT for table `regioncrimetotal`
--
ALTER TABLE `regioncrimetotal`
  MODIFY `Region_ID` int(11) NOT NULL AUTO_INCREMENT, AUTO_INCREMENT=10;

--
-- AUTO_INCREMENT for table `regionname`
--
ALTER TABLE `regionname`
  MODIFY `Region_ID` int(11) NOT NULL AUTO_INCREMENT, AUTO_INCREMENT=10;

--
-- AUTO_INCREMENT for table `regionpopdensity`
--
ALTER TABLE `regionpopdensity`
  MODIFY `Region_ID` int(11) NOT NULL AUTO_INCREMENT, AUTO_INCREMENT=10;

--
-- AUTO_INCREMENT for table `regiontotalpop`
--
ALTER TABLE `regiontotalpop`
  MODIFY `Region_ID` int(11) NOT NULL AUTO_INCREMENT, AUTO_INCREMENT=10;

--
-- AUTO_INCREMENT for table `regiontotalspending`
--
ALTER TABLE `regiontotalspending`
  MODIFY `Region_ID` int(11) NOT NULL AUTO_INCREMENT, AUTO_INCREMENT=10;
COMMIT;

/*!40101 SET CHARACTER_SET_CLIENT=@OLD_CHARACTER_SET_CLIENT */;
/*!40101 SET CHARACTER_SET_RESULTS=@OLD_CHARACTER_SET_RESULTS */;
/*!40101 SET COLLATION_CONNECTION=@OLD_COLLATION_CONNECTION */;
